-1916,6976,14520
-1984,7042,14584
-1964,6984,14420
-1872,7150,14716
-1986,7256,14284
-1918,6972,14752
-1938,6964,14436
-1872,7024,14738
-1942,7040,14506
-1924,7028,14610
-1938,7012,14374
-1898,7088,14582
-2042,7216,14362
-1956,6798,14714
-2216,7790,16960
-3272,7126,26596
-3764,5158,26356
-3400,7908,8550
-2978,5602,9698
-5764,9996,3108
-5736,10242,3590
-5532,7922,6174
-4072,6982,4552
-4388,6390,10968
-6154,7614,19610
-6736,8302,32767
-4470,5606,5850
-6896,5568,25838
-6038,7412,15192
-4948,8166,6930
-3918,12480,-6712
-3912,8644,6418
-5040,5716,16814
-5990,7824,17054
-6970,9652,19110
-7536,8648,22090
-6256,7612,15858
-5086,7328,9068
-4880,8226,4862
-4532,12370,-3460
-4192,9190,8752
-4434,6162,17836
-5874,8986,19182
-5836,8528,19866
-6060,8110,17968
-5632,7464,16170
-5112,7772,11892
-5088,8440,8426
-5710,10004,6850
-5580,11106,5034
-5380,11024,5304
-5032,8288,11914
-4924,8556,12850
-5404,7544,19264
-5886,8250,18522
0,0,0
-6304,8254,22156
-5638,8056,17306
-5228,8652,7444
-5054,8784,3180
-4922,12026,-2020
-5060,10580,10036
-5356,9060,13972
-5284,8474,16062
-5626,8988,16198
-6886,10264,19742
-7396,10050,23308
-5178,7840,15008
-5044,8076,4102
-5346,7352,3162
-5132,9310,-228
-4606,8736,5432
-5226,8070,14298
-5776,8368,17946
-6854,12046,19240
-7596,12390,21362
-6288,9514,21896
-5118,7950,7198
-4984,6608,3694
-5210,7804,2414
-5428,9510,3908
-6044,8770,12908
-6358,8670,16190
-6878,9626,17494
-7374,10326,19194
-7050,8798,18176
-5946,8108,10052
-5658,7886,6196
-4858,9518,676
-5190,9612,7442
-5704,9138,13836
-5430,7538,16654
-6168,8924,17306
-6540,8814,18900
-6092,8344,15832
-5704,8220,12586
-5546,7960,9986
-5468,9420,7724
-5506,10438,5818
-5686,9512,9348
-5626,8892,13276
-5384,8806,12708
-5200,7390,14430
-5772,8236,16164
-6400,10032,17536
-6146,9388,19060
-5538,9310,11636
-5316,9312,6118
-4870,9872,824
-5102,7868,9974
-5572,7762,12680
-5950,9116,13434
-6214,10122,13836
-6268,10338,14730
-6680,9182,19940
-5976,8114,15984
-5390,8046,8926
-5380,8176,5748
-5260,7706,7794
-5828,8802,10244
-6134,11334,8566
-5774,10730,10040
-5266,8502,15746
-5436,8268,16760
-5806,8360,17494
-5872,9064,15102
-5878,9104,14064
-5560,8526,12788
-5374,9244,9148
-5500,9026,7708
-5598,10244,6820
-5584,9694,8214
-5556,9332,9588
-5428,8818,14884
-5398,8226,15804
-5972,9014,16928
-5994,9178,15692
-5730,9402,14878
-5332,8658,11606
-5456,9642,7658
-5036,10262,2998
-5020,9572,8998
-5556,8920,14226
-5510,9044,13780
-5660,9040,15258
-6046,8658,15032
-6154,8868,16786
-5536,8656,12554
-5580,9154,9676
-5542,9776,7640
-5732,9472,9076
-5258,10920,2824
-5102,10106,11046
-5014,8666,15286
-5116,8410,14370
-5436,8816,16258
-5970,9240,17718
-5360,8824,15268
-5114,8534,12270
-5248,9232,10404
-5236,10086,8208
-5216,11810,3586
-5126,10828,8668
-5296,9188,13560
-5408,9062,13578
-5262,8016,14896
-5516,8644,14476
-5652,8722,14870
-5152,8754,12670
-5418,9202,12914
-5246,11328,9622
-5404,10772,9912
-5288,11126,8080
-5288,10462,9486
-4984,9262,11670
-4898,7840,14738
-5140,8474,14242
-5394,8940,14198
-5600,9586,14954
-5326,9374,15118
-5384,9466,12652
-5414,9854,8290
-5232,9412,7450
-5090,9728,7530
-4790,10848,5400
-5214,10598,12954
-5150,10412,15212
-5032,9314,16392
-4922,8472,16456
-5362,8954,14820
-5250,9144,14104
-4968,9488,12564
-5184,9328,10146
-5274,9726,8042
-5246,10526,7346
-4908,11094,5160
-4704,9486,11434
-4970,8590,15716
-5158,8758,16398
-5428,9222,16070
-5482,8620,15486
-5166,9088,13582
-4964,9308,12796
-5154,9546,9992
-5338,10000,8548
-5198,9874,7654
-5420,9894,9410
-5086,11230,3396
-5032,9818,14514
-4856,9040,16688
-5062,8734,16708
-5624,9358,16900
-5108,9002,14272
-4978,8710,12874
-4750,8650,9306
-5150,10190,7722
-5562,10694,9226
-5610,10470,10064
-4698,11732,1050
-4400,8500,16936
-4920,8466,15268
-4940,9046,15844
-5522,9654,16452
-5178,9248,15008
-4818,8994,12748
-4884,9290,10578
-5224,9816,8748
-5382,11140,6994
-5100,10554,8386
-4836,10326,6988
-4650,8846,12826
-5058,9122,16108
-5376,9520,16826
-5536,9232,15890
-4896,8820,14010
-4982,8848,13134
-5216,9740,10430
-5066,10322,6906
-5050,11448,4488
-5036,11258,8376
-5014,9854,12608
-4700,8692,12798
-5170,9248,14862
-5378,9514,16408
-5520,9232,16172
-4924,8582,15100
-4758,9342,9882
-5064,10408,6642
-5340,11238,7504
-4866,10500,8086
-5220,10766,10602
-5022,10860,10830
-4986,8770,15022
-5154,8604,15638
-5282,9368,15526
-5040,9162,14196
-5200,9584,13554
-5020,9954,8970
-4868,10592,5000
-4614,11766,4620
-4984,10474,13306
-4920,9704,11532
-5008,9714,14154
-5374,9790,16000
-5580,9478,15456
-4842,8758,14074
-4936,8928,11414
-4926,10334,9100
-5220,11014,7932
-5268,11310,9150
-5420,10320,11638
-5080,9734,8906
-4744,9700,7730
-4308,8472,13008
-4716,8826,18632
-5042,9418,19202
-5428,9984,17288
-4840,9744,9334
-4792,8894,9514
-4558,10684,6014
-4570,11694,5936
-5218,11226,11786
-5034,9640,12696
-4660,9294,12552
-5056,8818,14532
-5334,8892,15370
-5096,9624,14408
-5038,9484,14074
-4890,10140,10766
-4936,10222,8822
-5136,10292,9062
-5260,10792,9956
-5188,10694,9352
-4872,10894,7166
-4548,8870,13260
-4588,9132,13906
-5154,9648,15892
-5260,9672,15384
-4582,8782,14982
-4776,9048,14114
-5126,9534,10688
-5044,11424,6092
-4838,11576,4712
-4598,10842,8098
-4972,10014,12578
-4890,9668,12788
-5112,9612,14856
-5198,9554,15994
-5342,8574,16090
-4662,8916,13096
-4892,9666,11382
-5368,10930,9118
-4958,10832,6268
-4570,10846,7136
-5068,11010,10742
-4872,9922,12714
-4766,9026,13566
-5070,9492,14540
-5194,9458,15444
-5134,9700,15154
-4924,9274,12048
-4862,9762,9220
-4714,10492,7002
-5162,10250,11740
-5248,10490,10538
-4532,11734,1950
-4436,8310,15308
-4576,8924,14648
-4822,10030,16344
-5240,10008,16676
-4864,9400,13494
-4470,8166,12522
-4842,8882,11010
-5246,10882,7980
-4832,11884,5292
-4692,10574,9198
-4924,10626,10814
-5052,9880,13006
-4856,9216,14420
-5074,8268,16468
-5202,8804,15000
-4938,9074,13388
-4942,9950,10056
-4858,11130,6128
-4724,11248,8208
-4870,10460,9328
-4944,10796,9134
-4654,9352,13760
-4512,8762,13954
-5100,9496,16286
-5078,9686,15158
-4806,9764,14674
-4866,9844,11776
-4554,9450,8620
-4936,10744,6838
-5070,10484,10478
-4820,10064,9000
-4822,11240,5348
-4902,10164,14718
-4648,9554,14534
-4620,8830,15920
-5228,9616,16182
-4762,9202,13304
-4792,8834,12586
-4694,9202,10224
-4724,10422,8096
-5028,11474,7538
-4768,11296,6872
-4706,11102,8874
-4558,9618,14958
-4574,9374,15210
-4904,9530,16114
-5166,9472,15656
-4720,8844,14374
-4824,9918,12398
-4964,10196,7904
-4828,10430,7300
-4842,10260,8784
-4932,10016,8000
-4690,9430,9926
-4590,10262,12388
-5542,10712,16036
-4584,8732,18116
-4918,9222,15188
-4764,9028,12066
-4882,9972,10970
-4562,9758,7348
-4632,10464,7068
-4540,10700,6638
-4942,10166,12468
-4504,8978,13632
-4772,9308,15482
-5324,10102,17142
-5028,10064,15822
-4982,9436,13698
-4664,9004,8192
-4276,9020,5356
-4464,8996,5822
-4540,8202,13064
-4718,7626,13530
-5294,9686,15898
-5730,8526,19922
-4462,6236,19156
-4012,8274,11232
-4074,7136,8980
-4414,6340,12210
-4272,6998,12220
-3776,7342,11040
-3540,5570,14360
-4874,5554,18248
-5158,5258,19878
-4894,6844,17658
-4896,5962,15488
-4066,5314,15258
-3508,2400,11900
-3924,2924,10634
-3338,5062,8730
-3966,2626,16796
-4480,4852,16784
-3982,5102,19250
-3906,3694,18362
-4040,2476,19154
-4452,3242,19066
-3482,3650,13396
-2908,2960,9008
-3304,654,12672
-3978,666,15998
-3908,4100,12170
-3332,2298,15322
-3376,1082,19060
-3780,850,21954
-3714,2122,20540
-3704,4218,17790
-2962,2258,15142
-2658,1938,11322
-2868,1058,11438
-3532,1406,15224
-3750,1956,14496
-2918,1204,13814
-2924,3326,17106
-3276,3818,19024
-2870,3610,18588
-3162,2188,18944
-3120,2342,19018
-3038,3062,14622
-2858,2176,11922
-3014,1038,12784
-2992,1212,13694
-3096,2610,13106
-2846,2044,15628
-3562,3036,19998
-3012,2594,20588
-2858,2520,16744
-3366,2396,18952
-3512,1960,18194
-2528,2722,12142
-2594,1622,9798
-3064,1384,14408
-3446,1432,14374
-3070,2266,15320
-3680,3190,17044
-3630,1634,19724
-3562,910,20512
-3268,3128,16888
-3508,2458,16392
-3510,1148,15578
-2758,2314,11652
-3412,1558,14386
-3258,1734,13444
-3374,2060,14188
-2816,1334,15372
-3660,3324,19472
-3566,3480,23380
-2752,3316,16616
-2946,1950,15312
-3698,2142,16966
-2580,3182,11810
-3226,1460,14232
-2984,908,14008
-2840,1668,14108
-2604,1890,14622
-3992,4128,19094
-3270,3290,20774
-2804,3544,18026
-2374,2392,13914
-3164,2062,16590
-3494,1440,17176
-2312,3906,10378
-2778,2294,14558
-3100,1596,15932
-2570,2228,13196
-2600,3708,15274
-3610,3976,22084
-2950,2404,19918
-2242,3594,15340
-2860,2698,16182
-3128,2896,15684
-2542,3020,12350
-2634,2456,13356
-2814,1654,15034
-2590,3040,14632
-2910,2624,17544
-3162,2572,19354
-2884,2410,19004
-2764,2828,17014
-2800,2834,16920
-2686,3474,14174
-2932,3404,13830
-3092,2262,14884
-2834,2926,13428
-3022,2772,14790
-2820,3110,14116
-2534,2306,15164
-3050,3204,18720
-3044,2824,19772
-2478,1918,16384
-2818,2554,17364
-3052,2956,16866
-2644,3578,14444
-2588,2918,13780
-2886,2896,14156
-3038,2454,15512
-2532,3316,12812
-2210,1930,14566
-2474,2870,17156
-3630,3698,27160
-2376,2540,15794
-2224,3104,13218
-3154,3468,15924
-2866,1962,15952
-2274,3620,11472
-2522,3690,13168
-2888,2398,16292
-2456,2560,15074
-2646,3734,16536
-2980,3658,20560
-2540,2906,17406
-2480,2326,16970
-2868,3210,16004
-2840,3226,15314
-2434,3212,11770
-2848,2390,15014
-2676,2952,14494
-2362,4036,12418
-2572,1500,16564
-3202,4030,19788
-2946,2610,20246
-1714,4340,14388
-2368,2258,17652
-3116,2280,16626
-2638,3878,13882
-2580,2684,13088
-2534,2520,13716
-2664,3618,14340
-2178,2858,14680
-2790,3696,18690
-2676,2658,20358
-2520,2744,18690
-2186,3254,14886
-2886,3606,15478
-2696,3102,14370
-2330,3378,13220
-2820,3448,15038
-2752,2988,13782
-2364,1456,14866
-2674,3928,17016
-2728,4410,20028
-2384,3786,18386
-2042,3336,15810
-2594,2930,17034
-2902,2410,16458
-2098,4602,10642
-2590,3552,14752
-2568,2586,15316
-2442,3986,14060
-2140,3020,14818
-2898,3316,20052
-2092,2402,19852
-2394,3418,19390
-1950,2904,14374
-2710,3806,15088
-2640,3930,14740
-2266,3760,13580
-2650,3438,14828
-2630,3172,14098
-2432,2586,13492
-2132,1648,15788
-2808,4012,18538
-2508,3964,23458
-1840,3328,16004
-1920,2392,15350
-3090,3308,16874
-2374,5106,11334
-2312,3232,13224
-2354,2528,14496
-2670,3650,15352
-2404,3278,14936
-2174,2564,16282
-2408,3960,19294
-2128,4758,17914
-1934,4326,16824
-2366,3168,16916
-2582,3142,15660
-2446,4646,12624
-2408,3188,12986
-2118,2582,12252
-2632,3484,13544
-2552,4070,15958
-2748,5380,19744
-2158,3810,21712
-2140,4136,16826
-2474,3880,16004
-2812,2340,15466
-2812,4648,11734
-2490,2240,10634
-2240,1664,12838
-2986,3064,17314
-1988,2884,20724
-2842,-6144,22454
-2326,3240,18092
-2978,-1338,15190
-3338,-1314,13718
-3848,-3732,14810
-3620,306,15042
-3140,-2214,15488
-3890,-5410,13722
-3640,-4132,14820
-4474,-3786,18054
-4728,-6180,19376
-6142,-8628,18756
-5084,-7420,8978
-5348,-8820,10752
-6098,-8520,15398
-3636,-4834,10918
-4424,-8070,9030
-4246,-7214,12162
-5030,-8242,13734
-5528,-8294,22580
-5440,-10526,17606
-3834,-7070,15244
-3940,-5480,13204
-4786,-5590,13428
-4638,-5932,15678
-4550,-5480,12508
-5474,-8786,11744
-4626,-5346,15352
-5050,-8150,11102
-4980,-6040,15868
-4800,-3746,20948
-5460,-8250,17006
-4728,-5650,14856
-5188,-6864,17438
-4398,-6142,11752
-4726,-5526,11088
-4592,-5134,10628
-4384,-6700,12404
-4644,-7306,13844
-4468,-8090,18656
-3730,-5732,16768
-4482,-8122,19018
-3846,-7492,14822
-4202,-7764,14736
-4466,-8716,12224
-4600,-8830,11514
-4582,-6890,13640
-4620,-8188,12098
-4278,-8478,11046
-4774,-8710,12878
-5048,-9352,14836
-4876,-9116,15980
-5276,-10118,16706
-4692,-10730,12596
-4552,-8530,12440
-5298,-8992,14112
-4738,-8798,9370
-4960,-9084,9754
-5002,-8522,11672
-5236,-9214,13466
-4810,-9010,13520
-4880,-8064,17618
-4602,-7562,16264
-4318,-7714,16008
-4338,-7396,13660
-4616,-7238,14108
-4276,-6572,13882
-4698,-8244,12456
-5106,-7102,13276
-4248,-5150,12396
-4740,-7596,13556
-3768,-6826,11102
-4416,-7392,16918
-4146,-6524,16716
-5260,-8698,20626
-3778,-7760,14096
-4080,-7278,14708
-4804,-7158,13560
-3996,-6304,11264
-4236,-7454,10528
-4424,-7964,13380
-4200,-7540,13228
-4204,-5710,16576
-4578,-6526,20298
-4006,-6664,16658
-3952,-7258,13704
-4484,-7144,15784
-4054,-6790,12084
-4800,-7504,12646
-4546,-7478,11738
-4278,-7322,13028
-4246,-8498,13354
-3468,-6792,13518
-4910,-7344,19220
-4354,-8884,16226
-4120,-6594,18244
-4034,-6900,14316
-4634,-7982,15324
-3686,-7126,9864
-4176,-6570,12106
-5108,-8966,14636
-4572,-7142,12638
-3616,-7048,12518
-3676,-7670,13288
-5052,-8574,16808
-3864,-6592,18728
-3996,-6840,17778
-3468,-7110,13330
-4180,-7778,15526
-4102,-7624,11818
-4588,-8642,12566
-4476,-7942,11428
-4142,-7286,12898
-3494,-7592,12042
-4636,-7466,16018
-4296,-6890,18654
-4304,-7410,17390
-3720,-8036,14916
-4300,-7440,15344
-4010,-7756,11882
-4374,-7794,10998
-4724,-8702,11410
-4674,-7758,14602
-4098,-7874,12264
-3646,-7458,12918
-4094,-7506,15148
-4608,-7478,20524
-4202,-7710,15872
-3644,-7332,14932
-4066,-7306,14366
-4160,-7460,13204
-4388,-8778,11052
-4732,-8630,12036
-4352,-7816,12104
-3968,-8074,12876
-4260,-7526,15494
-4358,-6964,18730
-4478,-7318,17038
-3934,-7606,14878
-4352,-8372,13708
-4500,-8424,12062
-4516,-7414,12238
-4778,-8648,11582
-4598,-8108,12342
-3886,-7630,11684
-3828,-7986,13950
-5590,-8888,19352
-4470,-7546,19706
-3746,-7224,15334
-3878,-7660,12338
-4224,-7786,12452
-4366,-8232,10854
-5162,-9402,12242
-4730,-8958,11886
-4124,-8016,12278
-4208,-7532,14944
-4184,-6476,17492
-4346,-6776,18218
-3888,-6182,16460
-4336,-8208,16494
-4270,-8332,10826
-4356,-7978,11052
-4536,-7814,11548
-4488,-7832,12850
-4130,-8554,12898
-4482,-7100,15876
-4702,-7226,18612
-4834,-7106,18072
-3998,-8532,13274
-4790,-8328,13476
-5358,-9232,12994
-5424,-10774,7828
-5834,-11546,7992
-5784,-11476,7656
-5934,-12734,7536
-8186,-15350,12388
-7612,-14738,11540
-6912,-13754,9380
-6704,-12842,9484
-6368,-12826,6148
-6502,-12344,6104
-6750,-12896,4142
-7368,-13780,6156
-7046,-13894,4656
-6308,-12526,3402
-6992,-12838,10016
-7434,-14262,11104
-7102,-14036,12096
-5972,-13144,7096
-6540,-12736,8118
-6946,-13094,5688
-7196,-14232,6198
-6628,-13038,4460
-6492,-12490,7912
-6072,-12160,7482
-6906,-13166,11462
-6544,-12676,12328
-6212,-12304,9928
-6046,-12634,9040
-6292,-12642,7476
-6680,-13242,7098
-6784,-13692,6660
-6530,-13230,5530
-5974,-13048,7036
-6524,-12950,10210
-7004,-13678,13620
-6132,-12822,10308
-5668,-12170,9634
-6152,-12008,9806
-6666,-13444,7704
-6418,-13054,6656
-6414,-13576,6468
-6358,-13622,7408
-5812,-12000,8894
-6404,-12356,12610
-6074,-12332,12510
-5646,-11960,11906
-5930,-12548,9120
-6158,-12758,8106
-6260,-13008,6458
-6124,-13182,6642
-6128,-12762,8982
-5754,-12254,8040
-6638,-12440,13996
-5886,-12650,11232
-5724,-12048,11464
-5926,-12200,9236
-6532,-13068,9198
-6166,-13306,6794
-6088,-12732,6990
-6342,-13092,8188
-5996,-12530,8184
-5742,-13030,9250
-5934,-11586,12146
-6028,-12224,12546
-5500,-11338,11452
-5856,-11610,10782
-6036,-12862,9722
-5830,-11832,7866
-6160,-12768,8810
-6312,-13006,7072
-6162,-13006,8710
-5598,-11256,10172
-5600,-12100,8214
-6122,-12722,11602
-6128,-12286,13696
-5358,-12002,10826
-5614,-12276,10068
-6074,-12496,10168
-6210,-12946,9516
-6084,-13276,7184
-6054,-13118,5676
-6250,-13010,8336
-6184,-12816,9696
-5828,-12732,8744
-5700,-12660,9040
-6020,-12396,13208
-5592,-11976,13428
-5084,-12168,9378
-5730,-12516,11024
-6048,-12294,12624
-5960,-12822,8738
-5974,-13152,7332
-5954,-12912,5472
-6258,-12494,7972
-6264,-12826,8634
-5958,-12510,9506
-5614,-12512,7762
-5808,-11810,11624
-5564,-10960,13720
-5292,-11872,11346
-5524,-12288,11902
-5596,-11844,11998
-6004,-12514,10382
-5774,-11710,9624
-5698,-12338,6646
-6328,-13208,7248
-6172,-12448,8942
-6140,-12376,8680
-5744,-12534,7868
-5802,-12044,9506
-5702,-12436,10622
-5786,-11370,14270
-5496,-12128,11906
-5424,-11956,13024
-5600,-12224,9982
-5926,-12198,9156
-5982,-13142,7524
-6092,-13308,5912
-6070,-12382,7014
-6292,-13376,8662
-5812,-12584,8412
-5678,-12266,9226
-5796,-12906,9916
-6144,-12644,15140
-5556,-12380,11188
-5386,-12736,10476
-5720,-11866,10536
-6136,-12898,10368
-5994,-13368,8294
-5726,-12312,5562
-6054,-12778,5692
-6582,-13386,10310
-5992,-13008,7338
-5474,-12080,7250
-5990,-12456,9476
-6122,-13314,10078
-6050,-13498,10906
-5820,-13082,10750
-5622,-12604,9360
-5864,-12406,11176
-6066,-12568,12368
-5700,-12884,8130
-6034,-12716,7348
-6282,-13416,7480
-6140,-13178,5634
-6394,-13500,7066
-6534,-13546,7426
-6118,-13196,8206
-5852,-12864,8338
-5938,-12996,10296
-6078,-12486,11678
-5726,-12648,12384
-5488,-12482,10268
-6038,-13016,11474
-5980,-12854,8846
-6138,-13294,8096
-6146,-13188,7206
-6018,-12792,5882
-6532,-13742,7546
-6448,-13706,7724
-5798,-12824,7504
-6194,-12856,8812
-6170,-12938,9264
-5910,-12934,9400
-6204,-13466,12450
-5492,-12740,9800
-5738,-12708,10846
-6280,-13356,10362
-6064,-12964,9270
-5994,-13100,8972
-6100,-12630,7896
-6320,-13292,5882
-6444,-13314,6854
-6214,-13454,7612
-6332,-13344,7804
-5968,-12656,7962
-6034,-12398,8724
-6062,-13124,9448
-6006,-13202,10148
-5928,-12080,11726
-5494,-12248,10388
-5766,-12754,10598
-6126,-12794,11094
-5920,-12944,9642
-5938,-12752,7908
-6326,-13270,7808
-6276,-13348,7072
-6234,-13432,5384
-6430,-12998,7788
-6226,-12992,6586
-6102,-13226,7864
-5942,-12634,8324
-5920,-12526,10612
-6188,-12866,13022
-5744,-13126,11154
-5496,-11800,11068
-5812,-12216,9452
-6438,-13826,8630
-6338,-13490,6094
-6100,-13562,3688
-6400,-12826,6816
-6426,-13432,7008
-6292,-13676,7682
-5996,-13332,8616
-6354,-13702,10968
-6312,-13732,11488
-6236,-14154,9608
-6052,-13152,8792
-6266,-13444,6730
-6656,-13764,5334
-6142,-13384,2930
-6898,-15144,2292
-7082,-15238,2056
-6876,-14578,3024
-6702,-15228,3424
-6760,-15288,3878
-7074,-15696,5046
-6830,-15548,3352
-6872,-15624,1000
-6814,-15218,1078
-7136,-15448,-364
-6828,-14884,-3538
-6658,-14664,-3386
-7344,-15946,-3594
-7350,-16346,-1128
-7158,-16290,-156
-6712,-15380,-1370
-6420,-13998,2210
-6584,-14768,2684
-6998,-16156,1888
-7150,-16670,1482
-6994,-15996,520
-6538,-14926,-1614
-6386,-14274,-3384
-6542,-14778,-3222
-6734,-14798,-2504
-6708,-15400,-1382
-6590,-15588,178
-7274,-17296,4064
-6768,-17024,2904
-6278,-15920,1474
-6476,-16042,944
-7000,-15778,52
-6680,-14788,-434
-6434,-15024,-2266
-6784,-15762,-1734
-6452,-15360,-1478
-6564,-15332,156
-6512,-15410,466
-6384,-15182,1752
-6920,-15822,4162
-6688,-16212,3738
-6020,-15658,2292
-6570,-16470,2488
-6696,-16504,1418
-6534,-15536,-476
-6012,-14712,-2988
-6630,-15190,-464
-6502,-15584,-170
-6252,-15518,-454
-6650,-16198,3458
-6722,-16102,4714
-6216,-15600,4270
-5842,-15324,1798
-6820,-16614,2638
-6684,-15764,1864
-6138,-14924,-1164
-6146,-14962,-1672
-6588,-16052,-1324
-6588,-15922,-318
-6428,-15540,416
-6406,-15168,1532
-6432,-15690,3630
-6966,-16408,6112
-6130,-16186,2952
-6334,-15388,3152
-6384,-15266,2044
-6580,-15534,422
-6254,-14730,-956
-6514,-15448,-1646
-6708,-16356,-426
-6638,-15932,1600
-6216,-15396,1054
-6292,-15318,3358
-6792,-15362,5620
-6030,-14798,3722
-6298,-16076,2824
-6690,-16088,2800
-6746,-15870,2240
-6096,-15078,-1104
-6320,-15452,-1318
-6502,-15546,-630
-6624,-15562,992
-6232,-15786,32
-6642,-15796,2688
-6752,-15276,5564
-6226,-14568,4946
-6076,-15272,3782
-6434,-15790,3118
-6616,-16008,2096
-6520,-16070,406
-6652,-15964,-708
-6314,-14898,-42
-6180,-14778,-88
-6304,-14896,254
-6488,-15940,1876
-6796,-16262,3002
-7004,-16358,6148
-5998,-15470,3730
-6190,-15390,3662
-6528,-15360,2194
-6396,-15310,246
-6434,-15338,-1286
-6266,-15648,-1486
-6412,-15342,-1390
-6386,-14976,1328
-6534,-16314,2830
-7204,-17594,6998
-5890,-15074,4556
-5834,-15252,3936
-6724,-16272,3876
-6652,-15556,2852
-6394,-15200,-762
-6242,-14602,-1192
-6220,-15404,-950
-6644,-15446,382
-6360,-15276,1562
-6720,-15774,4502
-6656,-15792,9458
-5748,-15036,4734
-6546,-15436,5414
-6582,-15204,2884
-6726,-15284,1872
-6934,-15846,2262
-6724,-15190,1314
-6246,-14210,1034
-6432,-14326,1920
-6470,-15340,3990
-7254,-16646,8408
-7274,-16248,9564
-6218,-14634,7890
-6130,-14186,6882
-6248,-14538,4154
-6592,-14420,4140
-6320,-14364,1412
-6400,-14518,2520
-6694,-14530,5602
-7406,-15040,4962
-6040,-12678,9740
-6406,-13800,12988
-5480,-12512,9526
-5666,-12508,6472
-6436,-14790,6202
-6000,-13692,5914
-6514,-15166,4530
-5984,-14574,6126
-5430,-13886,7762
-5950,-11952,11126
-6004,-13162,13146
-5426,-12410,11172
-5508,-13020,11130
-5450,-13564,8112
-5468,-12278,9648
-5594,-12796,8234
-5430,-12592,7142
-5066,-13234,6154
-4750,-11812,9042
-5904,-12262,12090
-5968,-12258,13466
-5688,-12326,12972
-5996,-12204,13116
-5572,-12514,10350
-5112,-11428,9244
-4596,-9740,6740
-5386,-10558,9322
-5184,-10950,8528
-5176,-11146,9914
-5866,-12688,11596
-5914,-13074,11590
-5450,-10850,12742
-5128,-11232,12936
-5958,-10678,17226
-5180,-11514,12798
-4826,-10998,8590
-4700,-9184,9704
-5350,-10320,10764
-4936,-10642,8618
-4470,-10472,9022
-4892,-10488,11358
-6166,-11654,15318
-5262,-9700,15564
-5096,-9548,16546
-5186,-10388,13184
-5002,-8800,14722
-4902,-9126,10796
-4646,-9704,9596
-4560,-9068,9908
-4606,-9482,9536
-4250,-8786,10044
-4966,-8540,14364
-5384,-9942,16262
-5292,-9780,14946
-5766,-8458,17900
-5094,-7988,16702
-4260,-9476,9878
-3874,-7400,10198
-4116,-7748,9864
-4054,-7150,12414
-4630,-8386,14482
-4294,-7256,13986
-4556,-7100,17098
-4530,-6834,15118
-4318,-6234,17072
-4438,-5956,15506
-3866,-6622,15640
-4012,-7622,14534
-3550,-6686,13142
-3462,-7124,12956
-3126,-4566,12318
-3234,-5228,13422
-2070,-5270,9900
-5138,-7156,20542
-4474,-6168,23028
-3516,-6736,19402
-3296,-6172,15178
-3180,-6912,13224
-3162,-4968,14076
-2958,-4480,12082
-3414,-5308,13880
-3054,-5324,13006
-2564,-4114,13732
-3546,-4290,17672
-3378,-4916,20040
-2574,-4164,17260
-2740,-5094,14490
-3728,-4396,20066
-2884,-4552,16418
-2686,-3944,14048
-2606,-4286,12084
-3006,-4228,13516
-2872,-3872,15350
-2622,-2950,15592
-2574,-2876,15568
-2738,-4080,17140
-2602,-3776,16280
-2326,-3688,15988
-2868,-3684,20374
-2794,-3370,19288
-2202,-3908,17294
-2128,-2936,14326
-2108,-2822,12580
-2204,-2924,12894
-1840,-2104,14622
-1728,-1504,15734
-2650,-2796,17330
-2614,-2756,19348
-2200,-2496,18778
-2444,-3376,17834
-2404,-3440,17692
-1246,-388,13600
-1954,-998,14310
-2002,-2498,13258
-2062,-1518,15786
-1954,-686,16286
-1732,-1612,15356
-2024,-3094,16030
-2044,-1824,17518
-2010,-1424,20538
-1786,-1658,16828
-1936,-3516,16672
-2422,-3050,18648
-1712,-2882,15916
-960,1030,12938
-1508,1350,15376
-1498,-486,13628
-1148,34,14208
-1560,1944,17798
-1438,-276,17092
-1112,-1052,16096
-1720,-2322,17740
-1626,-1190,20232
-1726,-1080,19328
-542,510,14230
-438,3000,13476
-876,2868,15632
-108,3872,14800
-102,3172,14734
-134,3452,14972
-598,3046,17506
-374,2496,18408
-248,2360,17658
-678,2014,18740
-272,2958,18012
284,5062,14228
86,5508,13512
16,4944,13036
462,5818,13794
796,8100,12714
122,6754,14954
-56,3650,16842
320,3216,17686
216,4118,21118
274,4686,18500
216,4804,15510
-312,5168,15044
964,9080,9428
772,8662,9866
1214,9290,11550
1104,8600,13974
880,7698,15272
732,6500,15258
348,6310,17466
306,6382,16980
502,6842,17848
1332,9130,12880
1598,11506,9142
1004,10058,11522
1166,8364,10772
1200,8474,12166
896,9068,13934
684,8346,15422
1280,8060,14848
1038,8324,15840
1226,9526,14314
1270,9034,16108
1406,9978,11808
1086,9006,12660
1234,9676,10468
1192,10242,10770
1406,10466,10322
1314,9720,11206
1396,10290,12966
1436,10492,14028
1342,10442,14500
1252,10672,15202
1412,10268,13972
1442,10576,13252
1510,11354,8684
1244,11374,8782
1408,11742,9186
1692,12146,10276
1928,12958,8450
1458,11672,10694
1234,10532,12708
1400,10596,13554
1384,10550,14966
1220,10742,14556
1410,11424,10690
1162,11212,11656
1604,12724,6518
1790,12962,6696
2154,13284,6608
3758,12558,10236
1380,11186,12398
1486,12448,12896
1374,12478,12560
1332,12242,12738
1420,11824,10070
1672,12984,8250
1854,14872,5718
1856,13758,6756
1906,14650,7140
2076,14392,5020
1492,13936,8734
1508,12498,8480
1374,12670,10860
1448,13692,10352
1328,13350,9982
1696,13682,7156
1882,14798,6366
2088,14806,5414
2014,14908,4630
2102,14750,5204
1746,14072,6834
1656,13910,6508
1634,13728,7634
1558,13962,9216
1676,13596,9312
1510,14760,10006
1784,14038,7892
1736,14186,4950
2088,14984,1280
2118,14664,4112
2186,15058,4504
2034,15044,4498
1848,14562,6724
1804,14250,7070
1532,13986,8522
1826,15360,7764
1874,15104,4826
2152,14686,4908
2076,15754,4676
2204,14686,3602
2382,14532,2596
2368,15502,2834
2076,15624,5948
2028,14280,6232
1862,14542,8432
1970,14908,6524
1818,14978,5994
1788,14456,6772
2154,13866,7240
2664,15508,1298
2488,16900,1106
2666,15810,1020
2494,15250,3866
2440,14288,3162
1920,14906,6648
2174,13778,4546
2008,15502,8530
2076,15674,7602
2218,14584,6750
2448,14902,2750
2718,15884,-1686
2588,15702,2246
2844,15062,2046
3036,15448,936
2886,15376,2848
2200,15822,6988
2168,14280,6722
2044,14602,6134
2326,14982,4128
2426,15126,5334
3012,14476,-694
3282,16782,-2146
3372,16258,186
3514,15616,-2036
3116,15818,122
2896,16278,4446
2556,15166,5006
2472,15098,3192
2628,15296,1886
3124,14872,-1004
3408,16478,1340
3490,16464,806
3486,13860,-2350
3344,15978,-822
3484,16512,-298
3398,15784,182
3454,15194,-66
3198,15376,2568
3080,15440,1594
3330,15756,1102
3540,15690,1088
3398,15376,-150
3548,15472,-3992
3576,15878,-560
3548,14578,-1624
3866,15068,-3678
3586,16584,736
3360,15322,1552
3338,15262,2882
3346,15694,-32
3402,15478,360
3434,16426,1114
3724,14796,-460
3860,15636,-3624
3504,15698,-1762
3552,15324,-836
3664,14704,-2166
3732,16032,-1328
3538,15732,1130
3546,15076,1780
3562,15452,1908
3468,15530,1572
3474,15360,-1904
3920,15788,-3976
3978,15594,-2894
3972,15000,-2386
4134,14944,-4116
3808,16476,1288
3686,15036,1444
3602,14922,1976
3386,15186,2704
3638,15302,-14
3960,15032,-4464
4060,16146,-2354
4268,15318,-3270
4172,15358,-3274
4236,15316,-3028
3902,15278,-832
3750,14764,-866
3682,15792,580
3708,15526,-684
4038,15756,-680
3950,15350,658
3970,14206,-1826
4344,15654,-8458
4224,16300,-4086
4100,14950,-2476
4340,14492,-5412
4384,15198,-3068
4102,14662,-1380
3974,14614,196
4014,15000,1086
4250,14454,-3856
4494,13830,-7676
4656,15542,-7772
4536,15546,-5438
4686,13136,-8572
4606,15028,-4532
4524,14784,-3506
4422,13434,-4004
4288,14742,-2618
4390,14470,-3522
4484,13948,-2810
4730,13756,-4738
5282,13912,-14274
5130,15244,-9572
5026,14870,-6832
4842,13030,-4954
4478,13210,-4496
4518,13276,-4372
4618,14746,-3922
4680,13774,-4468
4830,14140,-4924
4890,13756,-7424
5110,12802,-10650
5020,15492,-8802
4918,13400,-7788
5054,13028,-8648
5046,14284,-6970
4982,13584,-4590
4570,13286,-3048
4624,12836,-2976
4586,15062,-4142
5146,12830,-11216
5426,15266,-10834
5694,15290,-10378
5208,13814,-5564
4896,11654,-4728
4508,12772,-5538
4714,14000,-5066
4804,14360,-3906
4720,13586,-2408
4852,12204,-8716
5296,15426,-8532
5496,15194,-8160
5338,13236,-7796
5218,12796,-8240
5288,13096,-5856
4898,14546,-4010
4626,12622,-4732
4756,13480,-5506
4860,14084,-5008
5022,14146,-5304
5406,14088,-12974
5668,14576,-11766
5438,14398,-6532
5042,12668,-4528
4776,12420,-4630
4688,14414,-4290
4838,14758,-3716
4794,14456,-2766
4962,11706,-8794
5146,14062,-8794
5458,15134,-7562
5332,12972,-8330
5424,12538,-12610
5266,14254,-5344
4988,14306,-2968
4918,13416,-1222
4850,14272,-1244
5008,14280,-4170
5106,14382,-6348
5432,13590,-11602
5632,14816,-9958
5718,14066,-8388
5596,12018,-9514
5162,13086,-4604
4914,14306,-2258
4664,13874,-1696
4762,14386,-1196
5192,13484,-2264
5386,12652,-13762
5800,15536,-10160
5808,14406,-7624
5468,12484,-7992
5370,13660,-6252
5236,14386,-3588
4712,14384,-1834
4774,13488,-2074
5070,14448,-512
5170,12378,-8966
5654,15614,-12100
6378,16336,-10216
5868,13704,-5732
5178,11424,-5232
4880,12752,-4336
4924,15238,-2542
5086,14356,-4358
5054,16304,374
5092,13986,-6994
5102,12476,-7512
5360,17776,-2162
5060,13202,-5716
5264,13742,-6846
5388,15494,1804
4774,14576,172
5036,15508,3046
5302,17148,5296
5018,14986,902
4994,15068,-9428
5360,15762,-3784
5316,16340,1122
5048,13526,-2584
4604,12768,-3786
4492,15608,4550
4516,14920,2144
4616,13926,-896
5076,17192,5760
5206,17096,7100
4856,14812,3890
4772,15442,6138
4836,14996,-4570
3962,14184,-64
4306,13744,1310
4748,14450,-918
4668,15342,1200
4442,14324,3766
4442,15410,4964
4510,14772,6064
4560,15474,6914
4382,15298,8492
4752,15392,6854
4198,14694,4270
3552,14232,5650
3650,12654,3752
3276,11842,3738
2684,12728,6224
2406,13424,7678
2718,13218,9062
2388,13742,11482
2276,11660,11930
1988,12362,12326
1782,11760,13100
1584,11818,10466
1468,11030,7072
1704,11032,5954
1966,11278,7650
2554,14396,7000
2288,12234,10552
2380,11180,10678
2184,11580,13342
1840,11998,15692
1532,11380,17112
2100,10900,13274
2666,13364,4464
1626,12050,9626
1710,11168,9734
2152,11392,8958
2194,12204,8522
2448,11678,9664
2224,11920,11888
2240,11574,13674
2196,11062,15228
1940,12268,16114
2314,11726,12752
2302,13530,6192
1348,11012,9174
1580,9698,8832
1952,11060,8542
1910,11646,9720
2386,11434,10050
2268,11150,13606
2266,11016,15868
2358,11240,12676
1974,11598,13734
1716,10542,15936
1704,9706,13528
2608,9856,4026
1686,9298,10988
2030,9580,10554
2544,9416,8320
2884,9588,14966
3260,9718,17172
3506,8004,18036
3416,8102,17622
3486,8532,14664
2820,7494,14740
3064,7428,12650
3166,7870,10872
4056,7568,9696
4396,6198,11112
5310,7104,11072
5288,6508,18718
6276,5832,18020
6562,5924,19010
6842,6616,12622
5512,6026,15542
5866,4188,16356
6164,5812,7138
6202,6388,6778
6546,6576,10932
8282,6598,12228
10030,5492,16458
7938,8658,14154
6196,6282,15582
8476,2370,14164
9040,3520,18488
8488,7572,8326
8842,6498,13852
7958,6064,14480
6900,6228,10190
5842,7230,7312
7782,5748,13014
8706,5570,14218
9058,5962,17010
9254,6132,11836
9050,6026,15538
9148,4932,16304
7978,4868,12808
6022,7278,7082
6128,6676,8492
6646,6322,9902
7462,8134,7570
8468,7522,15270
9012,5104,15764
8630,5490,14530
8514,5800,15650
8404,5154,15916
8450,5722,14536
8060,7692,9598
7626,6622,12036
6740,7236,11060
6344,7390,9794
6766,7388,9786
7358,6386,11040
8164,6558,14030
8596,7272,16816
9664,5326,17894
9378,5172,18390
8714,6750,13348
8168,6314,12502
6914,6622,10318
6004,7524,8472
6258,6942,9068
7120,7278,9010
7968,7486,12290
8794,6822,13464
9160,6100,15048
8998,6670,16392
8324,6292,14232
8170,6662,13520
7184,6374,11096
6436,6506,9690
6278,6686,8770
6718,7396,7064
7942,7112,10890
8888,7122,12448
9564,7344,14972
9330,6368,15520
8772,6548,14708
8616,5780,14284
7764,6128,10980
6708,7034,10804
7012,5340,10056
7708,6052,10426
8260,6466,11086
9014,5806,12906
9370,6324,14600
8736,7274,14580
8072,7170,14254
8098,5262,14148
8592,6416,9314
8858,7374,12924
9284,4348,13884
9046,3216,11706
10456,2352,11074
8648,6074,17832
7534,8578,14928
7408,6084,13292
7442,5212,15164
5846,5020,15726
10504,2618,7670
9654,1358,15502
9260,552,13252
8794,-428,11066
7284,2184,16516
7110,3102,14272
8168,524,17110
8170,498,20414
8580,964,15552
8254,-688,10170
7164,-172,12746
6422,-648,10394
6720,-1600,9910
7724,-174,14776
9214,330,16676
9154,-942,17460
7890,1028,16862
7450,1742,18308
8820,-4002,18422
8120,1848,8282
7722,-248,12400
6862,-1210,12168
6280,1542,10458
6758,696,11690
7562,-412,15054
8978,-246,15912
9208,998,17584
9192,-350,17172
8812,-200,17268
8208,726,13340
7342,502,13948
6368,74,11350
6306,188,10020
6834,210,12502
8034,1060,16564
9146,284,17852
9212,414,17168
8392,970,16178
8454,256,16686
7828,94,14754
7058,1060,11822
6352,-162,12306
6476,86,12704
6710,900,13264
7632,1634,14722
9116,246,17480
9468,642,17726
8880,360,15466
8178,144,15082
7188,-150,13220
5646,848,12128
5730,-126,11954
6400,520,12828
7712,1510,14910
8850,48,16566
9378,378,18016
8644,-72,15922
8132,-20,15528
7928,228,15414
7586,1046,12994
6202,1582,12848
5474,134,11346
6146,-76,11684
6518,820,13522
7470,450,15082
9136,290,17604
9348,646,18240
8784,52,16902
8442,110,16450
6944,1408,14756
5692,844,11054
5032,154,12238
5330,304,14380
5684,1016,13850
6480,2434,16574
7910,1328,17788
7668,-406,18592
7228,666,18170
6524,1194,14674
4740,1218,14046
3400,948,11998
3300,654,13088
4410,2916,13498
6386,1600,16982
7164,2442,20734
7062,-706,18464
5966,440,15412
5154,370,15566
4574,1198,13146
3578,1900,13794
4196,892,13566
4824,966,14156
5116,952,14886
5290,1348,17300
5626,3302,19660
6478,228,18384
6118,338,16788
4214,1256,17452
2598,1252,13578
2300,1048,10762
2444,2994,12126
3090,4992,16440
6224,7498,17334
3582,2122,16880
2270,6014,19196
2268,6428,15538
406,5678,15548
-564,4642,12452
-28,4880,9810
-220,5370,12578
-48,7024,13966
74,7872,16418
360,8802,19166
412,8224,18474
24,6674,16524
-1140,5430,16744
-1634,6438,12558
-2144,5456,9860
-2452,5670,10922
-2508,6234,12990
-2630,6784,14530
-3032,11358,15080
-3824,9128,22020
-3230,8798,16432
-3264,6196,14176
-3918,8972,11530
-4102,6858,9878
-4148,3844,10552
-4298,5410,10580
-4680,6640,14128
-5600,8180,17108
-5490,5054,20666
-4962,2558,18106
-5310,5160,14472
-5526,6986,11650
-5026,5846,9716
-4788,4620,9372
-5340,6686,10674
-5454,6384,12794
-5722,6564,15398
-6418,8230,18578
-6420,7648,17662
-6466,7118,16392
-6446,5184,15226
-5644,6316,9170
-5408,6970,8290
-5914,6840,10242
-6216,6556,12310
-6452,6764,13684
-6776,7736,14876
-7240,8330,16002
-7434,6834,16392
-7404,5712,16324
-6950,6630,14638
-6968,6512,12986
-6360,7370,9024
-5312,7086,7276
-5864,6734,10040
-6422,7256,12722
-6414,7416,13982
-6892,7584,15560
-7750,7316,17190
-7480,6756,16692
-7228,6312,15202
-6664,6386,11666
-5492,6736,7710
-5748,6744,9242
-6204,7662,10798
-6304,8058,11606
-6578,7248,13260
-6796,7238,14732
-7396,8002,16048
-7628,6862,16706
-7364,6590,16020
-6796,6390,13976
-6470,6502,11216
-6084,6688,8894
-6180,7094,9610
-6350,7348,11104
-6594,7708,11660
-6294,7696,12036
-6916,7170,14408
-7684,7828,16226
-7446,6942,15846
-7600,7388,15344
-7502,6778,14630
-6632,6344,10822
-5652,6468,7254
-5972,7636,8818
-6586,7332,11422
-6644,7948,12366
-6904,7800,13866
-7462,8634,15834
-7736,6632,16606
-7402,6612,15598
-7278,7078,14128
-6758,6910,11198
-5952,6162,9068
-5982,7560,9096
-6214,7608,10654
-6446,7364,11910
-6686,7354,12882
-6746,7228,14332
-7300,8406,15716
-7600,7486,16584
-7248,7924,15624
-6898,6992,14628
-6692,6586,12372
-5724,6170,8492
-5682,6274,8202
-6024,6490,9754
-6240,7672,11588
-6712,8122,13670
-7684,9540,17068
-7452,7802,16740
-6862,6968,15238
-6842,6538,13920
-6420,6324,11578
-5828,6024,9846
-6154,6422,10280
-6186,6622,11148
-5674,6932,10908
-5892,7348,12276
-5952,7382,14260
-6248,8490,16170
-6278,8030,16620
-5998,6674,16116
-6436,6498,16172
-6012,6168,14184
-5248,6866,9480
-5202,5802,9264
-5334,6368,10516
-5330,6438,11680
-5566,7344,13624
-5732,7518,15294
-5774,7070,16656
-6184,6844,17512
-5552,6680,16044
-5518,6370,15302
-5460,5948,12748
-4588,6590,9560
-4516,7852,10426
-4766,6946,11962
-4346,6672,12222
-4270,7104,13242
-4468,8130,15918
-5076,8296,18086
-4778,6770,17574
-4656,6104,16590
-5022,5976,15506
-4696,6024,11570
-4138,6094,9420
-3874,6600,10130
-3898,7182,10680
-4276,6316,13720
-4134,6226,15992
-4410,7466,18348
-4408,7280,18610
-4496,6048,18390
-4320,5710,16888
-4324,5900,14836
-4368,6570,10816
-4024,5814,9208
-3928,7006,10506
-4386,7354,12778
-3988,6834,12456
-4118,6830,14168
-4356,6798,16408
-4580,8294,17400
-4584,6504,17824
-4420,6250,17220
-4384,6932,15266
-4442,6606,12636
-4152,5690,10070
-3688,6250,8944
-3864,7770,11074
-4172,7800,14670
-3798,7914,15490
-4346,8330,16966
-4594,6402,18118
-4426,5304,16486
-4894,5558,15004
-3964,6924,10680
-3876,6856,10626
-3686,7242,10688
-3838,7192,11792
-3930,7314,14422
-4420,7974,18232
-4558,7710,18426
-4474,6086,18010
-4392,6122,16854
-4072,6792,12698
-3798,7408,8914
-4056,6572,9226
-3940,7082,10142
-4276,7680,12152
-4210,7418,14576
-4684,7460,17660
-4784,7788,18162
-4822,6764,16200
-4238,6122,13052
-4324,6898,11788
-3904,6974,11158
-3882,7140,11814
-3528,6504,12160
-3764,6996,13972
-3592,6878,15288
-5600,9390,22826
-4294,7190,17678
-4578,6492,18420
-3526,8122,12830
-3292,7726,9150
-3818,6500,9534
-3852,6238,10740
-3990,7938,11300
-4162,8010,14202
-4334,6806,17132
-4820,7414,18282
-4958,6370,18184
-4836,6222,16982
-4674,7356,13524
-3404,8210,7636
-3524,6862,7782
-4164,6674,10746
-4456,7248,13158
-3958,8496,14048
-4694,8956,18654
-5506,8180,20260
-5206,6970,18864
-4458,6694,14032
-3978,6670,9152
-3752,5990,7318
-4066,6152,8910
-4256,7058,10910
-4718,8098,14598
-5108,8296,17856
-5004,8068,18322
-5098,6766,17624
-5104,6592,16686
-4598,6536,13286
-4284,7820,9416
-4394,6670,9852
-4434,7834,10614
-4090,7780,11094
-4224,7664,12918
-4344,8952,15948
-5504,9732,19046
-4914,6600,18940
-5804,5406,18464
-19910.4,-13123.2,27929.6
-18464,-14140.8,22489.6
-15334.4,-8723.2,15660.8
-12956.8,-5916.8,17395.2
-13744,-7478.4,16137.6
-13059.2,-4300.8,10723.2
-12019.2,-2515.2,13689.6
-13718.4,-5856,17507.2
-14944,-6675.2,19734.4
-15203.2,-6496,23334.4
-15068.8,-6080,26121.6
-14521.6,-6678.4,25936
-13923.2,-7248,26851.2
-12256,-5750.4,21436.8
-12201.6,-9046.4,20342.4
-12515.2,-4115.2,22819.2
-14499.2,-6614.4,23340.8
-14992,-9942.4,22947.2
-13324.8,-10441.6,16601.6
-10800,-4160,10905.6
-9907.2,-2156.8,18672
-11152,-2576,17628.8
-10825.6,-5020.8,23827.2
-10316.8,-6627.2,15126.4
-10188.8,-672,23526.4
-13513.6,-1056,43731.2
-13308.8,-6134.4,43372.8
-15779.2,3222.4,52427.2
-8803.2,9088,31363.2
-851.2,-3248,-7996.8
-5862.4,-2387.2,7968
-12368,10201.6,36121.6
-9260.8,6451.2,10697.6
-9420.8,7209.6,29596.8
-18528,20832,48409.6
-10515.2,-9520,11392
-6547.2,-10812.8,2377.6
-9785.6,14902.4,29113.6
-9260.8,21923.2,21619.2
-7910.4,12960,22364.8
-10819.2,8992,20249.6
-22086.4,4518.4,15264
-23779.2,9318.4,24150.4
-18864,-1414.4,17734.4
-17478.4,6793.6,30409.6
-10636.8,15756.8,24582.4
-6841.6,14742.4,21465.6
-7955.2,10025.6,21385.6
-8499.2,4473.6,16508.8
-10803.2,4128,16678.4
-13379.2,3283.2,21545.6
-12230.4,4486.4,19516.8
-8976,3603.2,18208
-8153.6,4963.2,18035.2
-10588.8,6201.6,22153.6
-15612.8,8336,27526.4
-17478.4,13564.8,28668.8
-15302.4,10054.4,27254.4
-11052.8,7507.2,25152
-9638.4,7110.4,25638.4
-10505.6,7520,23356.8
-6473.6,7363.2,18281.6
-5184,9139.2,20441.6
-5350.4,8412.8,18304
-7228.8,8598.4,19289.6
-10838.4,11737.6,18131.2
-10313.6,14179.2,17254.4
-9846.4,14656,11052.8
-15427.2,13328,19270.4
-17337.6,9580.8,14460.8
-22291.2,6822.4,23872
-20883.2,6748.8,21452.8
-20054.4,7836.8,20380.8
-18153.6,10051.2,21539.2
-14409.6,12720,19561.6
-12044.8,13062.4,19580.8
-12384,10956.8,17024
-14297.6,6192,15795.2
-17328,4144,16416
-19558.4,4860.8,15340.8
-22953.6,4928,15798.4
-19139.2,6054.4,15190.4
-15804.8,8406.4,16649.6
-14905.6,11424,19040
-15881.6,10083.2,19814.4
-17404.8,9737.6,19782.4
-17843.2,9900.8,19222.4
-17542.4,9910.4,17852.8
-17088,11382.4,19145.6
-16588.8,11052.8,18076.8
-16624,7926.4,16131.2
-16361.6,8460.8,16441.6
-16368,8336,15548.8
-17232,7008,15859.2
-16720,6534.4,15401.6
-16019.2,6400,15478.4
-15990.4,7683.2,17766.4
-16928,10560,20956.8
-17430.4,10275.2,20633.6
-17872,9555.2,18995.2
-17334.4,9043.2,18528
-17462.4,10428.8,19180.8
-17616,10982.4,18726.4
-16259.2,10374.4,17369.6
-16169.6,8176,15417.6
-17088,7104,15532.8
-17132.8,7411.2,15753.6
-17097.6,7296,15289.6
-16860.8,6192,14902.4
-16208,7961.6,17139.2
-17379.2,10044.8,21395.2
-18118.4,9520,20259.2
-18166.4,8854.4,18390.4
-17587.2,9289.6,18323.2
-16931.2,10432,18140.8
-17129.6,10720,18828.8
-16627.2,10374.4,17612.8
-16246.4,9465.6,17187.2
-16864,8220.8,15523.2
-17193.6,8243.2,15859.2
-17248,7337.6,15494.4
-17113.6,7142.4,15190.4
-16512,6816,15382.4
-16259.2,7692.8,17145.6
-16742.4,9212.8,19321.6
-18112,10214.4,20246.4
-18787.2,9209.6,18694.4
-18156.8,9625.6,18761.6
-17299.2,9724.8,17696
-17526.4,10480,18137.6
-16796.8,10652.8,16934.4
-16371.2,9612.8,16889.6
-16963.2,8710.4,16633.6
-17504,7836.8,15644.8
-17792,7523.2,15680
-17539.2,7446.4,15859.2
-17040,7414.4,15561.6
-16147.2,7078.4,15580.8
-16630.4,9766.4,18588.8
-18057.6,10390.4,19984
-18259.2,9328,18342.4
-17436.8,10377.6,18198.4
-16950.4,10624,17478.4
-17219.2,11436.8,17625.6
-16928,10400,16435.2
-16588.8,8921.6,16137.6
-17030.4,8438.4,15907.2
-17449.6,8528,15782.4
-17561.6,7824,15779.2
-17008,7721.6,15196.8
-16528,6640,14592
-16643.2,7731.2,17350.4
-17712,11024,20800
-18691.2,10649.6,18992
-18592,9254.4,17763.2
-18000,10112,18134.4
-17347.2,10867.2,17651.2
-16656,11190.4,16864
-16636.8,11014.4,16707.2
-16819.2,9744,15964.8
-17347.2,8787.2,16256
-17430.4,8556.8,15865.6
-17648,8348.8,15612.8
-17385.6,7801.6,15472
-16790.4,7030.4,14531.2
-16585.6,7872,16371.2
-17168,10473.6,19942.4
-18278.4,10137.6,19161.6
-19468.8,9107.2,18380.8
-18739.2,9718.4,18745.6
-17584,11100.8,17846.4
-16460.8,11200,16912
-15708.8,11196.8,15891.2
-15980.8,9401.6,15270.4
-17296,7932.8,15430.4
-17804.8,7833.6,15968
-17280,7638.4,15552
-17472,7814.4,15776
-16796.8,8204.8,16726.4
-17027.2,9600,18240
-18320,9747.2,18390.4
-18752,9852.8,18163.2
-18083.2,10732.8,17632
-17100.8,11401.6,17622.4
-16745.6,12729.6,16796.8
-16992,10835.2,15430.4
-16611.2,9996.8,16028.8
-17020.8,9177.6,15632
-17491.2,8441.6,15299.2
-17494.4,8044.8,15689.6
-16976,7836.8,15235.2
-16966.4,8124.8,16454.4
-17216,8934.4,17635.2
-17865.6,10473.6,19036.8
-17648,9872,17139.2
-17625.6,10131.2,16931.2
-17353.6,10816,17411.2
-17222.4,11542.4,17155.2
-17868.8,11200,16809.6
-17324.8,10179.2,16012.8
-17372.8,9388.8,15609.6
-17142.4,9353.6,15539.2
-17670.4,8844.8,15107.2
-17683.2,8176,15648
-16844.8,7840,14985.6
-17350.4,8467.2,17667.2
-17523.2,9820.8,19392
-17520,10281.6,17820.8
-18393.6,10614.4,18630.4
-17817.6,11036.8,17900.8
-17788.8,11513.6,17660.8
-16403.2,10969.6,15692.8
-15657.6,9539.2,15100.8
-15996.8,9020.8,15571.2
-17184,8502.4,16512
-17910.4,8281.6,16860.8
-17603.2,8348.8,16550.4
-16832,7699.2,15520
-16563.2,7811.2,15264
-16960,9158.4,17292.8
-17961.6,9884.8,20070.4
-17808,10566.4,17763.2
-18377.6,10812.8,17542.4
-18592,11254.4,18048
-18067.2,10726.4,16809.6
-16323.2,9865.6,15225.6
-16243.2,9088,15593.6
-16585.6,8297.6,15497.6
-17929.6,8188.8,16153.6
-17795.2,7651.2,15705.6
-16387.2,6918.4,14156.8
-16566.4,7564.8,16816
-18508.8,9932.8,20918.4
-18524.8,9088,18332.8
-18950.4,9788.8,17024
-18713.6,9705.6,17628.8
-17353.6,10502.4,16812.8
-17017.6,11212.8,17766.4
-17251.2,11270.4,17584
-17084.8,9350.4,15660.8
-17232,8515.2,15571.2
-17926.4,8000,15769.6
-17712,7795.2,15644.8
-17020.8,7952,16041.6
-16966.4,7091.2,15779.2
-16819.2,7276.8,17564.8
-17097.6,8214.4,18608
-17235.2,9580.8,18822.4
-18864,9420.8,19276.8
-18588.8,10784,18326.4
-18217.6,11632,18460.8
-17305.6,10281.6,17641.6
-15974.4,10003.2,15555.2
-16313.6,8508.8,15737.6
-17225.6,8259.2,16073.6
-18534.4,7657.6,16275.2
-18192,8374.4,16745.6
-17417.6,8243.2,16108.8
-16233.6,7676.8,15212.8
-16345.6,7619.2,15164.8
-17168,8835.2,16393.6
-18435.2,9292.8,18896
-19132.8,9558.4,19280
-17945.6,10902.4,18307.2
-18585.6,11145.6,18457.6
-18275.2,10160,17347.2
-17324.8,10278.4,17392
-16320,8755.2,15609.6
-16259.2,8534.4,15478.4
-17020.8,7926.4,16342.4
-17801.6,8364.8,16377.6
-18416,8310.4,16176
-17408,7891.2,15548.8
-17286.4,8400,16310.4
-17500.8,7958.4,16588.8
-17683.2,9859.2,17270.4
-18681.6,10336,17574.4
-19174.4,12073.6,18601.6
-18476.8,14016,19555.2
-17254.4,13526.4,18736
-15609.6,11513.6,16438.4
-14441.6,7619.2,13692.8
-17862.4,12678.4,8947.2
-17459.2,7907.2,12665.6
-18329.6,8480,15686.4
-16918.4,8710.4,13699.2
-16659.2,7900.8,13456
-17526.4,9283.2,17840
-17494.4,10633.6,19609.6
-17974.4,11526.4,20966.4
-17734.4,14384,20339.2
-16544,13817.6,18617.6
-15532.8,11116.8,16934.4
-16048,9811.2,15673.6
-15872,9008,15062.4
-16352,8320,14297.6
-17884.8,8492.8,15408
-17753.6,8988.8,15212.8
-17244.8,7542.4,13801.6
-17427.2,9097.6,16832
-18640,10150.4,21507.2
-18310.4,11750.4,20259.2
-18534.4,12406.4,18432
-17072,12547.2,17894.4
-16153.6,11379.2,15862.4
-14864,10233.6,13084.8
-15980.8,10185.6,14371.2
-17337.6,9552,14921.6
-17516.8,8972.8,15187.2
-17004.8,8288,13504
-17334.4,7862.4,14131.2
-17760,8608,17193.6
-18742.4,9241.6,20534.4
-18396.8,11168,18547.2
-18496,11872,19011.2
-16876.8,11587.2,18592
-17411.2,12278.4,18406.4
-17094.4,11305.6,16486.4
-15497.6,10560,14624
-15798.4,9385.6,13936
-17625.6,8448,14684.8
-18854.4,8598.4,16208
-18806.4,9171.2,15897.6
-17628.8,8620.8,14857.6
-17056,7936,14508.8
-17276.8,8563.2,16467.2
-18051.2,10048,18176
-18060.8,11289.6,17571.2
-17484.8,12294.4,18752
-17564.8,11360,18464
-17600,11990.4,18147.2
-15955.2,11782.4,14851.2
-15942.4,10102.4,14230.4
-16028.8,8963.2,14409.6
-17507.2,8240,15692.8
-18432,9017.6,16208
-17980.8,8921.6,15507.2
-16800,7456,13664
-16572.8,9353.6,16803.2
-17830.4,9129.6,19280
-17916.8,10560,18310.4
-17852.8,11632,16816
-17424,11728,18457.6
-17472,11830.4,19014.4
-17059.2,11772.8,16822.4
-15964.8,10371.2,15548.8
-16243.2,10179.2,15235.2
-16803.2,9014.4,14515.2
-18108.8,8441.6,15152
-18284.8,8512,14870.4
-17897.6,7836.8,14380.8
-17164.8,8790.4,15056
-17619.2,9225.6,17235.2
-17664,9798.4,17747.2
-17654.4,10147.2,17724.8
-16998.4,11203.2,18585.6
-17427.2,11718.4,18320
-18220.8,11689.6,18412.8
-17632,11491.2,16412.8
-16387.2,9276.8,14518.4
-16579.2,8713.6,15171.2
-17625.6,8646.4,15225.6
-18204.8,8710.4,15523.2
-18038.4,8627.2,14937.6
-18006.4,9001.6,15712
-18102.4,9324.8,17564.8
-17657.6,10953.6,17625.6
-17158.4,11299.2,18028.8
-16518.4,10393.6,16937.6
-16937.6,10636.8,17452.8
-17116.8,11628.8,17225.6
-17315.2,11472,15350.4
-16332.8,10060.8,14160
-16780.8,9676.8,15171.2
-17811.2,9484.8,15600
-17968,9267.2,15520
-17968,8022.4,14668.8
-17289.6,8217.6,15350.4
-17587.2,9142.4,17446.4
-18518.4,9123.2,16870.4
-17417.6,10480,16636.8
-17321.6,11219.2,17222.4
-17798.4,10483.2,17270.4
-17504,11168,18608
-17932.8,10585.6,17404.8
-18534.4,10576,17337.6
-17875.2,9932.8,15305.6
-17340.8,8662.4,14688
-17542.4,8227.2,15136
-18144,9062.4,14886.4
-18403.2,8473.6,14083.2
-18035.2,8483.2,15321.6
-18841.6,9321.6,17350.4
-18316.8,9673.6,17504
-16864,9430.4,15721.6
-17244.8,8550.4,16464
-16828.8,9110.4,16224
-17203.2,10060.8,18400
-17440,9564.8,19148.8
-17920,11228.8,18624
-17897.6,10192,18918.4
-17651.2,9964.8,19859.2
-17811.2,11056,19337.6
-17062.4,10019.2,14246.4
-15702.4,8528,14112
-14643.2,8022.4,13145.6
-16288,8393.6,13932.8
-19136,7609.6,13932.8
-18329.6,12265.6,13779.2
-19878.4,9110.4,16310.4
-19411.2,6403.2,16188.8
-17561.6,9865.6,17216
-17494.4,11664,17372.8
-16310.4,12592,18432
-15808,14201.6,19692.8
-16022.4,12566.4,19075.2
-16118.4,12252.8,16675.2
-16313.6,9964.8,15760
-16921.6,9308.8,15273.6
-17225.6,9110.4,13830.4
-17936,8342.4,13875.2
-18208,8396.8,14307.2
-18281.6,8668.8,13750.4
-18099.2,9920,15020.8
-18384,9644.8,15945.6
-18179.2,11072,15856
-17683.2,11446.4,16473.6
-17753.6,11465.6,17110.4
-17142.4,12419.2,18569.6
-17270.4,13852.8,17907.2
-16707.2,11462.4,13865.6
-16556.8,10764.8,14217.6
-16825.6,11068.8,14524.8
-17872,10467.2,14931.2
-18313.6,9110.4,14176
-18329.6,9590.4,14448
-18512,9539.2,15254.4
-18601.6,10758.4,16825.6
-18108.8,12764.8,16720
-17955.2,13430.4,18320
-16985.6,13494.4,17385.6
-16198.4,13027.2,14912
-14720,11062.4,12384
-15568,10329.6,13008
-17340.8,10963.2,13632
-18054.4,10758.4,13888
-18316.8,10041.6,12982.4
-18249.6,9865.6,13209.6
-18268.8,9731.2,16172.8
-18528,11347.2,20422.4
-18729.6,12752,16588.8
-17315.2,14595.2,17203.2
-16857.6,14096,18902.4
-16374.4,12729.6,15033.6
-15472,10755.2,12924.8
-15929.6,10387.2,13545.6
-17200,10720,13289.6
-18246.4,10940.8,14086.4
-18915.2,9203.2,13993.6
-18592,10553.6,15692.8
-18483.2,9792,16985.6
-18732.8,11404.8,17584
-17395.2,12544,16448
-16329.6,12691.2,17433.6
-16515.2,12982.4,16601.6
-16499.2,13203.2,15993.6
-16704,12144,14969.6
-16636.8,12844.8,13990.4
-17308.8,11155.2,13721.6
-17577.6,9216,12972.8
-17756.8,9769.6,13856
-17814.4,9011.2,13321.6
-17270.4,9660.8,13974.4
-17785.6,10592,17462.4
-18739.2,12752,20300.8
-17785.6,14188.8,16572.8
-16368,12988.8,16384
-15708.8,12672,18198.4
-15708.8,11948.8,14124.8
-16368,11542.4,13929.6
-17248,10598.4,13718.4
-17516.8,10694.4,14140.8
-18230.4,10201.6,14217.6
-17635.2,9001.6,12790.4
-17440,9171.2,14713.6
-18003.2,9916.8,17424
-18393.6,12140.8,18620.8
-18224,12953.6,16780.8
-17289.6,12956.8,16310.4
-16819.2,12259.2,16406.4
-16921.6,12569.6,17513.6
-16956.8,11056,14832
-16665.6,11427.2,14016
-17600,11318.4,14892.8
-18236.8,11222.4,14352
-18300.8,10083.2,14384
-18252.8,9830.4,14598.4
-17936,9993.6,14332.8
-17878.4,9600,15174.4
-17644.8,10092.8,16390.4
-17539.2,12467.2,17043.2
-17369.6,12995.2,17612.8
-17580.8,12889.6,17760
-17276.8,13100.8,17008
-16844.8,12044.8,14444.8
-16262.4,11961.6,13942.4
-16691.2,10585.6,13910.4
-17145.6,10156.8,13904
-17904,10025.6,14198.4
-18073.6,10265.6,14483.2
-17875.2,9916.8,14208
-18230.4,11740.8,17526.4
-18390.4,11356.8,17392
-17488,13744,18019.2
-16291.2,12854.4,15216
-15788.8,12646.4,15619.2
-15820.8,12550.4,15046.4
-16684.8,11763.2,14201.6
-17360,11049.6,14435.2
-17532.8,11068.8,14384
-17827.2,11411.2,14643.2
-17075.2,10688,13753.6
-17360,9776,13843.2
-17264,10496,14166.4
-17804.8,10192,15852.8
-18902.4,11657.6,19961.6
-18224,13190.4,16835.2
-17126.4,13052.8,15840
-16508.8,12889.6,16896
-16396.8,11696,16076.8
-16976,11398.4,15424
-16502.4,11212.8,13593.6
-16886.4,11897.6,14745.6
-17811.2,11955.2,14304
-18345.6,10819.2,14051.2
-18220.8,10678.4,14688
-17673.6,10457.6,14451.2
-17747.2,10412.8,14713.6
-17376,9440,15417.6
-17491.2,9360,16617.6
-17552,11148.8,16627.2
-17097.6,12611.2,15977.6
-17225.6,12009.6,16067.2
-17433.6,12729.6,18265.6
-17843.2,12467.2,17648
-18176,13619.2,17097.6
-17433.6,12486.4,14361.6
-16515.2,11312,13734.4
-16768,9977.6,13654.4
-17408,9184,13577.6
-18336,8915.2,14569.6
-18288,8736,14371.2
-18992,11302.4,18931.2
-18659.2,11628.8,16195.2
-16582.4,11590.4,16697.6
-16188.8,12569.6,18384
-16086.4,13244.8,16188.8
-16323.2,14278.4,15040
-16256,13446.4,14585.6
-15740.8,11404.8,13004.8
-16665.6,9228.8,12198.4
-18323.2,9897.6,14672
-18188.8,8985.6,12361.6
-17932.8,9033.6,14604.8
-18912,10249.6,21136
-18640,12681.6,17977.6
-16828.8,13948.8,17462.4
-16345.6,13833.6,18537.6
-15753.6,14089.6,16092.8
-14982.4,13734.4,13500.8
-15753.6,12444.8,13612.8
-16022.4,10995.2,12944
-17660.8,10211.2,14099.2
-17715.2,10188.8,13248
-17648,9136,12320
-18592,9625.6,15852.8
-19222.4,12352,21286.4
-18291.2,13289.6,17190.4
-17180.8,13392,17212.8
-15820.8,13670.4,17193.6
-15459.2,14812.8,16230.4
-15408,14009.6,13580.8
-15715.2,12137.6,13433.6
-16067.2,11356.8,13129.6
-17203.2,10723.2,13270.4
-17660.8,11014.4,14297.6
-17084.8,9936,13059.2
-17289.6,10617.6,14745.6
-17843.2,11705.6,16454.4
-18137.6,12643.2,18982.4
-16665.6,13990.4,17286.4
-15536,14416,17091.2
-15264,14995.2,17542.4
-15235.2,14777.6,13907.2
-15299.2,13392,12809.6
-15964.8,11488,12368
-16809.6,11513.6,14604.8
-17363.2,11705.6,14572.8
-17785.6,10972.8,13097.6
-17440,10486.4,13459.2
-17772.8,11577.6,16659.2
-18368,12790.4,20393.6
-17011.2,13065.6,17049.6
-15760,13424,15952
-15225.6,12976,15209.6
-15593.6,15008,16339.2
-15968,14492.8,14332.8
-16710.4,13328,14416
-16729.6,11756.8,13296
-17059.2,11244.8,13369.6
-17286.4,10732.8,13507.2
-17532.8,9673.6,13100.8
-17683.2,9900.8,16067.2
-18396.8,11708.8,19737.6
-18028.8,12835.2,16451.2
-16819.2,13177.6,16560
-16032,13926.4,17376
-15638.4,14064,16140.8
-15670.4,13584,14195.2
-15721.6,12284.8,13104
-16400,11145.6,13689.6
-17369.6,10710.4,13654.4
-17830.4,10278.4,13913.6
-18163.2,9632,13107.2
-18281.6,10473.6,16470.4
-18147.2,11760,19033.6
-17715.2,13712,17872
-16838.4,13875.2,17580.8
-15411.2,14022.4,16595.2
-15305.6,14425.6,16828.8
-15424,13875.2,14172.8
-15417.6,12217.6,12096
-16425.6,8937.6,11929.6
-17632,10540.8,14025.6
-18249.6,9132.8,12432
-18560,10499.2,15155.2
-18768,11731.2,18384
-18755.2,10953.6,16630.4
-17776,13123.2,16864
-16902.4,14518.4,18096
-15878.4,14848,18704
-16012.8,13315.2,16144
-15097.6,13843.2,13955.2
-14873.6,12985.6,12620.8
-15785.6,10806.4,12451.2
-17088,10416,14300.8
-18032,10656,14230.4
-18486.4,10006.4,12576
-18108.8,10544,13344
-18172.8,10329.6,16358.4
-17993.6,11750.4,17065.6
-17619.2,13296,19110.4
-16694.4,14854.4,16880
-15958.4,14777.6,17804.8
-16284.8,15100.8,18659.2
-15788.8,14224,14131.2
-14857.6,13100.8,12739.2
-15264,10569.6,12499.2
-16502.4,9836.8,12969.6
-18176,10230.4,14502.4
-18409.6,9414.4,12745.6
-18492.8,9798.4,14486.4
-18624,11180.8,17424
-18182.4,11056,16979.2
-17312,12156.8,16940.8
-16163.2,13632,16486.4
-15907.2,14384,16825.6
-16726.4,15091.2,18489.6
-16867.2,13433.6,15353.6
-16006.4,13776,14406.4
-15779.2,11990.4,13292.8
-16364.8,10476.8,13171.2
-17292.8,9049.6,12876.8
-18163.2,9788.8,14028.8
-18294.4,9331.2,12716.8
-18659.2,9446.4,15078.4
-18665.6,10902.4,19145.6
-17929.6,12697.6,18339.2
-16624,13001.6,16841.6
-15788.8,12963.2,17782.4
-15209.6,13971.2,17408
-15616,14128,15520
-15708.8,13056,13996.8
-16291.2,11916.8,13190.4
-16867.2,10464,13136
-17881.6,10406.4,14198.4
-18288,9641.6,14028.8
-18496,8998.4,14435.2
-18489.6,9062.4,15657.6
-18476.8,9065.6,17033.6
-18214.4,12003.2,19193.6
-17027.2,13385.6,17462.4
-16368,13564.8,17980.8
-16198.4,13056,17788.8
-16396.8,13318.4,16336
-15590.4,13020.8,14508.8
-15740.8,11865.6,13251.2
-16691.2,9766.4,12995.2
-17692.8,10022.4,13772.8
-18368,10406.4,14220.8
-18864,9193.6,13843.2
-18435.2,9702.4,14697.6
-18236.8,10025.6,16956.8
-18320,10796.8,18636.8
-17136,12387.2,17171.2
-15948.8,13350.4,17036.8
-15600,12668.8,16937.6
-16275.2,13180.8,16902.4
-16342.4,13056,14860.8
-16355.2,12579.2,14240
-16822.4,11446.4,14102.4
-17779.2,10505.6,13980.8
-18614.4,10188.8,14131.2
-18368,10003.2,14476.8
-18208,10153.6,14288
-18281.6,9900.8,15532.8
-17804.8,9651.2,16192
-17212.8,10630.4,17068.8
-16684.8,12204.8,18102.4
-15804.8,12064,16560
-15625.6,12457.6,16726.4
-16368,13510.4,17372.8
-16819.2,13468.8,14416
-17001.6,12396.8,14601.6
-17088,10972.8,13712
-17440,10166.4,13449.6
-18547.2,10393.6,15289.6
-18694.4,9414.4,14438.4
-18092.8,9590.4,14796.8
-17446.4,8953.6,16844.8
-17827.2,10732.8,18998.4
-16646.4,11276.8,16880
-15843.2,12163.2,16252.8
-15785.6,13619.2,16812.8
-16720,13878.4,16217.6
-16803.2,12876.8,15139.2
-16940.8,11459.2,13945.6
-16960,11427.2,14176
-17904,11523.2,14566.4
-18566.4,10659.2,14694.4
-19036.8,10451.2,15328
-18396.8,10480,14387.2
-17321.6,9865.6,14214.4
-16966.4,9216,15734.4
-16454.4,9952,18617.6
-16355.2,11641.6,16963.2
-16214.4,12796.8,16198.4
-16848,14009.6,17011.2
-17068.8,13929.6,16480
-16854.4,12697.6,14784
-16537.6,11308.8,13852.8
-16518.4,10838.4,13539.2
-17497.6,10572.8,13782.4
-18832,10220.8,14700.8
-18793.6,9465.6,13987.2
-18787.2,8889.6,15523.2
-18236.8,8953.6,16979.2
-17100.8,10329.6,17587.2
-16566.4,11296,16876.8
-16256,12675.2,16496
-16262.4,13600,16736
-16812.8,13414.4,17011.2
-17100.8,12217.6,15264
-17212.8,10870.4,14713.6
-17328,10268.8,14182.4
-17990.4,9827.2,14112
-19049.6,9312,15398.4
-19177.6,9987.2,15148.8
-19046.4,9382.4,15971.2
-17468.8,9363.2,17078.4
-15769.6,8886.4,16860.8
-15977.6,9113.6,17081.6
-16243.2,11580.8,17478.4
-17024,13798.4,17977.6
-17536,12294.4,17344
-17804.8,12412.8,17040
-17241.6,12380.8,14921.6
-16646.4,10867.2,13161.6
-16963.2,9088,14425.6
-18246.4,9081.6,15587.2
-18860.8,9545.6,14646.4
-18092.8,9219.2,14723.2
-17315.2,9702.4,16051.2
-16822.4,10486.4,17321.6
-16870.4,10896,18144
-16636.8,11920,17836.8
-16352,12889.6,17430.4
-16659.2,13792,17068.8
-16662.4,13305.6,15385.6
-16297.6,10937.6,13260.8
-17350.4,9280,14028.8
-18396.8,9292.8,14659.2
-18662.4,9491.2,14233.6
-18204.8,8803.2,14969.6
-17657.6,8742.4,16646.4
-17081.6,9779.2,18476.8
-17148.8,11216,17891.2
-16851.2,12864,17203.2
-16489.6,13670.4,16278.4
-16492.8,13840,15542.4
-17104,13072,16147.2
-17452.8,12252.8,15238.4
-16540.8,9881.6,13417.6
-17120,8816,13766.4
-18268.8,8745.6,14208
-18300.8,8838.4,14502.4
-18723.2,7868.8,15712
-18240,8937.6,16521.6
-17097.6,11548.8,18652.8
-17436.8,14080,19584
-16681.6,14624,16524.8
-16918.4,13430.4,14915.2
-16742.4,11084.8,14032
-16604.8,10736,15622.4
-16566.4,12144,13635.2
-17132.8,13756.8,14188.8
-19494.4,14028.8,16944
-18048,22704,27324.8
-15782.4,9964.8,9683.2
-12560,10867.2,8707.2
-12899.2,14134.4,12192
-14268.8,17078.4,10720
-9990.4,15062.4,8752
-12105.6,15945.6,11868.8
-13952,20736,20950.4
-8979.2,20323.2,7907.2
-4614.4,21478.4,8361.6
-8201.6,27670.4,11881.6
-2268.8,25158.4,15286.4
-7865.6,18953.6,13555.2
-6000,21660.8,11126.4
-5936,26547.2,11286.4
-4060.8,19251.2,14185.6
-4796.8,16595.2,14345.6
-2297.6,21091.2,18214.4
-2457.6,23593.6,16179.2
-3232,23756.8,16412.8
-3193.6,23289.6,13769.6
-3712,20608,11993.6
-4332.8,21846.4,9747.2
-5955.2,17100.8,10512
-7036.8,19203.2,10851.2
-6844.8,22124.8,11606.4
-7414.4,21283.2,11638.4
-8291.2,20144,12928
-6624,20944,13280
-4784,21088,17027.2
-3801.6,23747.2,16236.8
-4134.4,22576,13820.8
-2297.6,22524.8,14960
-2672,22332.8,12054.4
-4787.2,21939.2,12236.8
-6416,20851.2,11926.4
-7862.4,18454.4,10320
-8019.2,19747.2,11772.8
-7632,20368,12329.6
-8313.6,19680,11779.2
-7868.8,19756.8,13446.4
-7456,19571.2,14329.6
-6489.6,21721.6,15417.6
-5187.2,24499.2,15484.8
-4537.6,22841.6,14864
-3740.8,22428.8,14185.6
-4598.4,20332.8,13548.8
-5430.4,20915.2,11113.6
-5990.4,20691.2,11580.8
-7113.6,20508.8,11081.6
-7955.2,21075.2,11440
-8179.2,20745.6,12761.6
-8908.8,19276.8,12211.2
-9158.4,19568,13808
-7792,20358.4,15574.4
-5859.2,20963.2,16089.6
-4425.6,23158.4,14329.6
-4124.8,21529.6,13651.2
-3766.4,21651.2,13881.6
-4342.4,21952,12025.6
-5897.6,20886.4,12409.6
-7305.6,20528,11632
-8268.8,20352,10425.6
-8323.2,20521.6,11859.2
-8140.8,20387.2,11187.2
-8518.4,19248,12688
-8425.6,20163.2,14284.8
-7024,21542.4,16598.4
-5241.6,23161.6,15315.2
-4729.6,22012.8,14457.6
-4972.8,20240,13072
-4780.8,22160,12822.4
-4694.4,21910.4,10854.4
-6521.6,18646.4,10428.8
-7372.8,18905.6,12038.4
-6486.4,21664,12787.2
-9472,19840,12576
-13478.4,21388.8,14416
-14841.6,34028.8,9827.2
-17622.4,34022.4,12832
-18816,26515.2,9235.2
-15484.8,22092.8,8716.8
-9184,12012.8,1542.4
-2380.8,7014.4,4377.6
-1529.6,3980.8,18979.2
-1084.8,8790.4,26969.6
-1395.2,9625.6,23308.8
-5923.2,10374.4,25622.4
-4921.6,12838.4,23257.6
-9644.8,5881.6,25321.6
-10531.2,2691.2,25571.2
-8054.4,5174.4,23433.6
-5852.8,6896,24825.6
-4371.2,7651.2,23235.2
-6531.2,5971.2,24284.8
-6425.6,6880,25648
-5827.2,7651.2,27484.8
-7385.6,3945.6,27456
-6832,4182.4,29635.2
-3462.4,7884.8,28144
-3110.4,2268.8,23260.8
2156.8,5152,23241.6
720,6620.8,22678.4
230.4,3494.4,22979.2
364.8,4966.4,24691.2
128,6489.6,23788.8
-873.6,4348.8,23948.8
-912,5241.6,25488
457.6,5011.2,26179.2
-758.4,6956.8,27155.2
451.2,9027.2,23449.6
-1817.6,8640,26438.4
-5334.4,5264,24259.2
-5923.2,7417.6,25033.6
-6784,7715.2,26636.8
-5104,7472,25833.6
-3628.8,6300.8,25280
-2390.4,5929.6,24460.8
-2358.4,7427.2,24198.4
-2521.6,7993.6,22336
-4108.8,7270.4,23225.6
-4998.4,6937.6,23798.4
-3203.2,8604.8,24960
-3641.6,7648,25232
-4297.6,8252.8,26435.2
-3654.4,10732.8,26649.6
-4044.8,9276.8,28841.6
-4518.4,8780.8,27465.6
-2604.8,7164.8,25500.8
-1004.8,4707.2,23414.4
624,6678.4,21744
921.6,5686.4,22080
-6.4,5881.6,23612.8
-1241.6,6419.2,22723.2
-2083.2,6582.4,23075.2
-2406.4,7408,26492.8
-3907.2,7232,29644.8
-1846.4,9507.2,27305.6
-1216,6764.8,26633.6
-400,6374.4,25884.8
873.6,4982.4,24579.2
1776,6096,22387.2
2131.2,4560,23120
1558.4,3497.6,24515.2
137.6,5731.2,23251.2
-1974.4,6044.8,22736
-4259.2,6403.2,24531.2
-4316.8,7980.8,28883.2
-4976,7110.4,29334.4
-4140.8,7561.6,30540.8
-2118.4,6640,26198.4
-105.6,4956.8,24860.8
1497.6,4288,25593.6
4134.4,5878.4,21084.8
3740.8,4300.8,20729.6
1651.2,2780.8,23817.6
1641.6,4876.8,22732.8
342.4,5344,23254.4
-2499.2,4998.4,26166.4
-3507.2,5564.8,29232
-4316.8,6464,30387.2
-2806.4,7590.4,28880
-521.6,6316.8,23833.6
953.6,4857.6,24944
2233.6,4732.8,26073.6
2931.2,5798.4,24723.2
2899.2,5158.4,23964.8
1939.2,3843.2,23305.6
1132.8,4656,23955.2
-310.4,4822.4,22880
-1203.2,4630.4,22736
-2761.6,5126.4,25523.2
-4473.6,5062.4,27718.4
-3475.2,6979.2,29292.8
-2748.8,7827.2,27174.4
-2998.4,5916.8,27427.2
-1484.8,6316.8,28096
44.8,6265.6,25040
1529.6,4803.2,23081.6
1705.6,5177.6,22108.8
-227.2,5113.6,24249.6
-1987.2,4953.6,23670.4
-2435.2,5459.2,24236.8
-3497.6,5561.6,23600
-4422.4,5526.4,24854.4
-4147.2,6560,25500.8
-4732.8,8147.2,27049.6
-4934.4,9020.8,27321.6
-5164.8,8163.2,25113.6
-4867.2,8390.4,23011.2
-5209.6,8211.2,25958.4
-5267.2,7920,28057.6
-4537.6,8531.2,26908.8
-4518.4,7011.2,27225.6
-3382.4,5600,24476.8
-1561.6,4915.2,23350.4
-2140.8,4796.8,21699.2
-1660.8,5465.6,23904
-3292.8,5577.6,23657.6
-3174.4,5568,24710.4
-3264,6102.4,25241.6
-3376,6380.8,26326.4
-2428.8,6115.2,27532.8
-2032,7036.8,26988.8
-953.6,6364.8,26768
57.6,5644.8,25939.2
1174.4,5488,24652.8
1008,4307.2,24473.6
249.6,4672,23756.8
-1344,5129.6,23776
-1699.2,4860.8,24227.2
-2451.2,5273.6,23750.4
-3644.8,5936,24940.8
-4160,6745.6,28076.8
-2755.2,6576,27155.2
-2483.2,6956.8,25043.2
-2569.6,7907.2,23120
-3020.8,6275.2,23814.4
-3340.8,6710.4,23097.6
-6304,7996.8,24153.6
-5312,7628.8,24224
-8777.6,8921.6,24243.2
-9644.8,7667.2,24515.2
-9712,8470.4,24688
-8764.8,7836.8,24355.2
-7724.8,7097.6,24800
-5075.2,8307.2,22924.8
-5987.2,7804.8,27059.2
-5478.4,6307.2,26358.4
-5244.8,6790.4,25344
-3606.4,6265.6,24876.8
-3462.4,5312,24492.8
-2950.4,4976,23433.6
-3200,5116.8,23065.6
-3660.8,5248,23872
-3558.4,5264,24707.2
-3059.2,6217.6,25212.8
-3401.6,5289.6,26656
-2396.8,6051.2,25520
-2188.8,5504,25664
-2201.6,5155.2,25612.8
-1593.6,6115.2,24428.8
-1260.8,6435.2,24812.8
-2246.4,6361.6,25449.6
-2745.6,5667.2,26736
-3132.8,5692.8,26406.4
-2540.8,6262.4,24729.6
-2608,5248,24016
-2326.4,5366.4,23961.6
-2208,5424,23942.4
-2508.8,6092.8,23846.4
-2624,7100.8,24304
-4076.8,6272,24252.8
-4614.4,6611.2,24883.2
-4998.4,8806.4,25929.6
-5648,8044.8,28563.2
-5542.4,8908.8,27584
-4307.2,9328,25776
-4201.6,7171.2,23900.8
-3760,6297.6,23763.2
-3958.4,6499.2,23168
-4806.4,6185.6,23392
-4870.4,7449.6,22956.8
-4768,6969.6,23187.2
-4972.8,7561.6,24105.6
-5500.8,6563.2,25129.6
-5520,7036.8,26550.4
-5139.2,8009.6,25792
-4166.4,7299.2,27363.2
-3452.8,7187.2,26380.8
-3276.8,6499.2,23840
-2198.4,6339.2,23712
-2316.8,6969.6,24323.2
-3446.4,6524.8,24192
-3824,6656,23856
-3939.2,6870.4,23238.4
-4432,6300.8,22614.4
-4236.8,6688,23606.4
-4224,7052.8,24934.4
-4992,6809.6,25945.6
-4668.8,7987.2,25577.6
-5155.2,7529.6,25708.8
-4582.4,7958.4,24374.4
-5264,7945.6,24704
-5910.4,8473.6,27481.6
-5766.4,9939.2,25382.4
-6003.2,7849.6,24867.2
-5091.2,6780.8,22624
-4704,6816,23004.8
-5152,6422.4,23651.2
-4947.2,6688,23692.8
-4633.6,7030.4,23219.2
-4553.6,6774.4,23977.6
-4518.4,6700.8,23824
-4988.8,7008,24268.8
-5769.6,6825.6,26768
-5984,8160,25635.2
-5587.2,8988.8,24425.6
-5126.4,8281.6,23683.2
-5990.4,6956.8,23465.6
-3731.2,3011.2,25248
-6364.8,6204.8,22640
-7337.6,8422.4,24476.8
-4982.4,9836.8,15964.8
-7478.4,12576,22617.6
-10035.2,11852.8,24435.2
-12995.2,8832,20425.6
-12089.6,14521.6,21478.4
-14150.4,13942.4,21846.4
-12694.4,16752,19936
-11571.2,16121.6,19596.8
-11852.8,11795.2,19251.2
-8745.6,12185.6,19382.4
-8268.8,12646.4,19907.2
-9654.4,13619.2,20185.6
-9529.6,13964.8,21414.4
-8435.2,16246.4,24144
-9200,15830.4,23744
-10224,13347.2,20438.4
-8444.8,10998.4,19142.4
-9715.2,10886.4,19913.6
-11075.2,10572.8,18448
-10553.6,11078.4,16582.4
-12128,11324.8,17740.8
-12572.8,13068.8,18406.4
-12867.2,12784,18316.8
-11510.4,12873.6,18272
-11062.4,11852.8,18960
-10297.6,12940.8,20912
-9449.6,15609.6,22444.8
-9203.2,15984,21779.2
-9347.2,13766.4,21328
-9084.8,13433.6,21481.6
-9296,12617.6,20617.6
-9955.2,12713.6,19116.8
-10880,11939.2,17836.8
-11548.8,11356.8,17305.6
-12358.4,10899.2,18499.2
-11760,12707.2,17740.8
-12569.6,11203.2,18518.4
-12291.2,11062.4,21340.8
-11107.2,14243.2,21964.8
-9465.6,15513.6,21321.6
-8355.2,13622.4,21235.2
-8592,12822.4,21196.8
-8979.2,13324.8,18576
-9808,12838.4,18640
-10860.8,11795.2,17283.2
-11849.6,11561.6,17484.8
-12659.2,12422.4,17868.8
-12451.2,12016,17462.4
-12937.6,10844.8,18966.4
-12089.6,11376,23203.2
-10176,15472,23049.6
-9116.8,15814.4,22790.4
-8374.4,12684.8,22185.6
-8288,12816,21580.8
-8649.6,12499.2,19776
-9222.4,12883.2,18035.2
-10800,11628.8,16950.4
-12467.2,11715.2,17660.8
-12515.2,13497.6,18284.8
-13001.6,12000,18121.6
-12806.4,11078.4,18697.6
-12656,10582.4,19283.2
-11100.8,12582.4,22288
-9600,15824,22678.4
-9302.4,14681.6,22316.8
-9292.8,14195.2,21744
-9404.8,12873.6,21177.6
-9091.2,12966.4,17222.4
-9856,11753.6,16902.4
-11680,10982.4,17868.8
-12707.2,12774.4,17843.2
-12969.6,11715.2,17545.6
-12819.2,10752,19235.2
-12211.2,11091.2,21203.2
-11264,13305.6,22329.6
-9955.2,14963.2,21577.6
-8937.6,13491.2,19228.8
-8601.6,12899.2,19840
-8883.2,13843.2,20508.8
-10460.8,13635.2,20806.4
-11248,14048,20035.2
-11558.4,14790.4,19916.8
-11676.8,13868.8,18902.4
-11699.2,12012.8,17401.6
-11571.2,10761.6,17795.2
-11452.8,12278.4,17539.2
-12457.6,11795.2,17846.4
-12339.2,11596.8,18208
-11644.8,12044.8,20182.4
-10697.6,14172.8,19702.4
-10454.4,15043.2,20368
-10457.6,14163.2,20515.2
-9888,15680,20624
-9865.6,14531.2,21356.8
-10464,13536,20288
-10112,13673.6,19536
-10041.6,14128,18620.8
-10873.6,12009.6,16668.8
-11875.2,11318.4,17116.8
-12128,12310.4,17964.8
-12694.4,12022.4,18006.4
-12928,11459.2,18300.8
-12582.4,11788.8,19382.4
-11436.8,12979.2,21184
-10262.4,14848,20195.2
-9366.4,15104,20348.8
-9372.8,14198.4,20128
-9158.4,14460.8,19753.6
-10012.8,13961.6,21123.2
-10825.6,13888,19836.8
-11072,13728,19420.8
-11558.4,12956.8,18377.6
-11734.4,12048,16806.4
-11884.8,11078.4,17926.4
-12185.6,11414.4,18416
-12483.2,11712,17974.4
-12464,11996.8,18803.2
-11571.2,12352,19676.8
-10441.6,14272,21868.8
-10073.6,14963.2,21040
-9683.2,14243.2,20505.6
-9020.8,13891.2,19782.4
-9312,13907.2,20460.8
-10368,13654.4,19484.8
-11100.8,14000,18918.4
-11750.4,12224,18259.2
-12054.4,11891.2,17750.4
-12265.6,12012.8,18070.4
-12355.2,12035.2,18572.8
-12342.4,12784,18508.8
-11984,12838.4,19008
-11478.4,12393.6,20108.8
-10355.2,13270.4,20169.6
-9788.8,14358.4,19440
-9628.8,14012.8,20188.8
-9907.2,15324.8,19980.8
-11440,11043.2,18668.8
-11292.8,14265.6,18700.8
-10755.2,15158.4,18704
-12428.8,12857.6,18352
-13654.4,12464,19168
-12780.8,11065.6,19734.4
-12640,10358.4,22105.6
-12156.8,10694.4,23609.6
-12729.6,12550.4,23737.6
-12336,7782.4,16928
-12105.6,9622.4,17862.4
-12790.4,12448,18956.8
-13235.2,13305.6,19894.4
-13721.6,13948.8,18256
-13494.4,16742.4,16012.8
-17372.8,9795.2,18755.2
-20291.2,-1552,11779.2
-15363.2,4320,12265.6
-10716.8,11068.8,13654.4
-7590.4,16508.8,21248
-5683.2,26153.6,20880
-4476.8,23433.6,20518.4
-5433.6,23616,30102.4
-9539.2,22854.4,14105.6
-9846.4,10400,7929.6
-7673.6,6640,6076.8
-11283.2,10112,10496
-13331.2,11484.8,21251.2
-13961.6,5481.6,21609.6
-14118.4,704,20774.4
-18838.4,598.4,19651.2
-16371.2,4582.4,24419.2
-14137.6,-860.8,29177.6
-15257.6,-6147.2,14755.2
-15180.8,8195.2,4169.6
-16406.4,-265.6,25180.8
-17228.8,-4096,23875.2
-16566.4,-2972.8,20665.6
-19376,-4118.4,24096
-19276.8,1296,24054.4
-19430.4,4521.6,19696
-18755.2,1395.2,20099.2
-20608,790.4,23113.6
-16019.2,1264,25001.6
-16316.8,2553.6,20083.2
-15936,4441.6,14022.4
-15203.2,4876.8,14665.6
-15888,2348.8,15555.2
-18294.4,-7078.4,17644.8
-11801.6,-8185.6,22268.8
-14550.4,-5728,17017.6
